id,userId,productId,rating,reviewText,date
1,386,385,4,Exemple relation rang frais place toute.,2024-01-10
2,73,148,4,Meilleur rire départ éclairer se envelopper durant naturel obliger ville cependant.,2023-05-21
3,478,331,1,Sourd vent été bureau parfois noir tantôt affaire étoile sonner présence saison plaisir.,2024-05-06
4,231,446,3,Secret mine geste fatiguer non profiter absolu dent retour accord drame.,2023-09-21
5,491,186,2,Cou selon animal amuser joue chanter courir presque simple espace oublier honte ministre.,2024-10-27
6,40,211,5,Répondre fauteuil avec signifier rassurer présent.,2023-09-09
7,24,465,2,Billet aussitôt et perdu devoir état entraîner notre réunir essuyer descendre ignorer.,2024-01-12
8,304,147,1,Trembler recommencer ah prière nourrir quoi distinguer chanter vague céder d'autres groupe créer.,2023-05-07
9,183,494,4,Accompagner autour puisque vers d'autres tuer.,2023-11-14
10,354,163,4,Imaginer tout causer soi jeune aucun lutte.,2024-02-07
11,444,428,3,Oncle expliquer croix musique recommencer devant lequel.,2024-01-16
12,275,9,2,Seuil expliquer vert art envie réveiller subir.,2024-12-24
13,66,465,1,Envelopper compagnie trou cours mari détail humide revoir compter.,2025-03-10
14,278,225,3,Droit table mari fatigue cabinet former reconnaître espace grand beau ville siège amener.,2023-06-22
15,391,185,1,Réunir feuille lettre certain morceau mentir éclater.,2023-08-08
16,16,54,4,Scène étude ah air plaisir content pareil calmer immobile caractère ferme.,2024-03-10
17,302,137,5,Maison demande inquiéter vague venir d'autres.,2023-05-01
18,334,280,5,Inquiétude tourner respect entier éloigner donner ombre prince.,2023-08-08
19,286,72,3,Neuf établir nommer faire ce bien accord exemple.,2025-01-26
20,235,262,1,Intention gauche quatre même rue je employer principe durant certes.,2023-08-01
21,266,145,4,Chaque subir assurer donc réclamer confiance folie vite important fil eh courant.,2024-04-04
22,325,388,4,Delà certainement objet entre fils dont règle chien.,2023-05-05
23,401,96,4,Propos léger assurer chemin feu militaire hasard mort bois grave premier.,2024-02-11
24,32,416,5,Dehors apporter fou maison résistance demande neuf franc apparence noire classe mettre.,2023-12-14
25,56,64,3,Appartement toi être herbe repas qualité dame art sortir demeurer demeurer page dresser.,2024-11-14
26,244,124,5,Ici poitrine mentir triste aucun vieux.,2023-09-08
27,498,495,2,Éclater douceur envie examiner charge rond marquer fixer décrire arrêter.,2024-01-13
28,277,256,5,Surprendre humain déposer attirer lier croix métier.,2024-04-25
29,452,89,2,En grâce social obtenir précieux tourner importer battre tout rue second.,2025-02-25
30,259,482,5,Scène perte moyen révéler relever servir voyage.,2023-05-04
31,300,329,3,Suivant ministre rond fermer dernier sembler violence trace goutte.,2023-12-03
32,112,320,3,Mener juge succès discours mémoire musique chair monter époque malade attacher suivant.,2024-11-15
33,214,170,5,Poste énergie oiseau prêt existence vague mort étendre ville pluie prison.,2025-02-06
34,35,95,3,Empêcher horizon nuage politique bonheur choix malgré aucun convenir sable entourer.,2024-01-21
35,25,43,5,Repousser âgé hôtel entier tôt arme demain souffler dernier drame signe tel pays.,2024-09-27
36,55,67,2,Voile changement respect rappeler trois masse parfaitement cesse construire.,2024-10-31
37,358,324,4,Lorsque supérieur montagne être séparer famille caresser vide repousser froid gros.,2023-07-01
38,392,356,5,Détail médecin fin mal projet exemple.,2024-05-11
39,166,172,4,Expérience discuter payer craindre tenir pourquoi.,2024-07-22
40,402,235,2,Camarade exposer or rêver chat profiter secret observer supposer remonter.,2023-10-18
41,37,178,2,Aucun bois quarante glisser inquiétude demi envelopper troubler rapport si assurer nu.,2024-08-01
42,471,157,1,Assister chiffre verre voyage inconnu grâce soldat chasser classe.,2024-10-10
43,78,210,2,Craindre possible parfaitement suite tout casser construire.,2023-09-25
44,292,44,4,Changement avoir couler dangereux fermer delà heure neuf maison créer pauvre.,2024-11-10
45,55,206,2,Médecin battre bande soldat signifier suivant semblable calme refuser connaître pendre garde naître.,2024-09-30
46,480,497,1,Homme gens droit rideau compter inquiétude politique autre aide foule pour lire.,2024-12-09
47,234,54,2,Éprouver fait premier ensuite prononcer conscience.,2024-09-11
48,98,440,5,Maintenant vieil toi troubler exprimer rencontre campagne.,2023-07-18
49,422,485,5,Quatre amuser rien presser médecin frais cabinet eaux endormir portier désirer presque.,2024-04-08
50,481,476,5,Voisin vers ligne leur branche passage mauvais.,2023-11-18
51,174,276,4,Mien parce que tempête profond gros dégager.,2023-08-06
52,500,425,4,Meilleur joli important prêter doute compte dernier.,2025-02-12
53,74,252,2,Gloire certain nous bientôt voisin fou.,2024-06-02
54,104,477,2,Lier deviner pauvre plan jeune mettre delà accompagner intérieur certain.,2023-11-19
55,411,417,5,Temps retrouver vide douze tapis malheur hier tranquille contenir maison.,2024-09-22
56,354,167,1,Attaquer conclure camarade caresser arrêter nom paraître un par gens.,2023-05-24
57,291,159,3,Entendre jeunesse paix durant trop falloir réussir poste.,2024-05-18
58,264,394,5,Bon assister million précis victime amuser état meilleur chance un résister.,2024-03-06
59,190,102,3,Contenir miser étrange décrire fils matière humain.,2024-05-02
60,449,322,3,Prière président mince révéler taille embrasser plaire roi machine mettre oser.,2024-08-08
61,164,464,4,Droit police lumière essayer veille moment larme patron aider danser paysage gauche.,2023-04-21
62,429,215,2,Table donc sérieux feuille contenter toi large connaître étroit ajouter fortune beau quinze.,2024-06-06
63,142,178,4,Colline écarter sortir calmer courage bientôt ensuite immense crier.,2024-02-05
64,476,328,1,Trace bataille nommer chez affaire rappeler profond camarade coup parmi intérieur arme sonner.,2025-03-31
65,382,255,2,Parole partout l'une courant pièce peine général.,2024-06-08
66,493,408,3,Genre recevoir vieux propre second soldat auquel lien ressembler idée.,2023-10-15
67,174,350,2,Fête vert charge bout dégager éclat instant mode.,2024-08-29
68,365,427,2,Nuage victime bruit façon ton essuyer sûr personne départ avant parfaitement prévenir.,2023-10-16
69,72,241,4,Manier fidèle enfin apparence mais appartenir vague.,2023-08-23
70,179,63,2,Action seconde rencontrer palais bas vaincre volonté grandir quart faible trente.,2023-08-31
71,469,479,3,Repousser instant avec rester roman couleur me creuser sourd besoin d'autres.,2023-09-07
72,495,325,5,Traiter réduire transformer article mal promettre.,2024-09-16
73,315,189,4,Main penser chaud court cependant appel soutenir.,2023-12-25
74,167,371,5,Porte chanter user imposer exemple salle soulever.,2024-05-24
75,445,38,2,Dix content accepter larme visite révolution tempête campagne moi portier.,2023-12-08
76,157,68,1,Bord auteur eau entendre delà sujet tête mille rocher conduire bleu entretenir as.,2024-08-20
77,12,425,5,Étendue cesser coup l'un certes accent accompagner.,2024-08-29
78,488,435,1,Semblable sourire promettre prévoir trop trente présenter regard.,2023-11-08
79,433,496,1,Autour situation delà personne police pouvoir année instinct empire moindre noir poète.,2024-07-10
80,118,69,4,Pour monde pauvre sentiment arme il étouffer entendre.,2024-01-03
81,323,29,3,Juger haine ligne reposer parler voyager exemple seul hésiter compagnie lueur notre forêt madame.,2024-08-16
82,19,442,2,Fortune assister médecin appel presque fin.,2023-10-16
83,487,102,4,Porter savoir tache discussion agir relation longtemps maître venir seulement obliger.,2023-07-15
84,96,436,3,Coin souffrir qualité espérer fonder malgré pleurer autre.,2024-09-17
85,75,228,4,Cause charger cacher prison saint consentir selon caresser faute souffrir instant.,2024-05-13
86,497,321,1,Ensemble découvrir note où pencher porter autour.,2024-07-18
87,489,301,4,Nature réserver transformer composer offrir nouveau système supposer type haut.,2024-10-15
88,411,267,5,Est ligne trace forme beaucoup question herbe mieux capable.,2023-08-16
89,246,217,5,Étage retour danser figure haut que serrer corde étonner éteindre pas.,2024-02-17
90,130,162,2,Épais dimanche marcher cheval épaule immobile.,2024-08-16
91,428,78,4,Sembler front docteur peur foi dix toute poids.,2023-09-29
92,479,436,4,Avenir jusque oublier petit cours dame intérêt long te surprendre étonner condition.,2024-10-24
93,31,202,5,Oiseau pénétrer tandis que depuis toi or essayer.,2023-12-23
94,181,471,3,Sûr calme venir gauche juge compagnie énorme comprendre pitié lourd briser.,2024-04-04
95,445,49,3,Argent beaucoup île rencontrer le contenir traîner acte.,2023-12-02
96,5,58,1,Occasion muet naissance élever honneur différent livrer en.,2023-10-03
97,400,403,3,Eaux céder soit idée courage effet.,2024-02-28
98,486,217,1,Seul anglais dire suivant conversation dire entourer séparer.,2024-05-29
99,366,427,3,Haïr sur bon absolument temps marchand auquel.,2023-10-13
100,110,209,5,Promener vieux soulever simplement pointe coeur rompre beau avant chambre.,2024-06-09
101,489,20,4,Possible étouffer sable barbe au assez occasion.,2025-03-21
102,334,485,1,Apercevoir accompagner cheveu beauté longtemps gouvernement habiter vers exécuter poésie respecter contenter professeur.,2024-02-20
103,486,16,3,Cas lien animal campagne fumée envoyer côte revenir apercevoir.,2024-12-01
104,185,112,1,Cas joindre arrêter écrire produire respirer.,2023-07-23
105,276,111,3,Marcher rendre arrêter autrement chiffre fin et.,2024-04-27
106,459,362,5,Dégager prêter poser rôle vert discussion français vif fils chaque autre.,2023-12-07
107,447,171,1,Musique fou mari prononcer impression juger descendre coucher bas branche.,2024-10-05
108,133,463,5,Y maintenir révéler avec fond sommeil président beaucoup volonté autant.,2025-03-13
109,309,263,2,Reculer conduire figure part avec abattre un partir raconter devant asseoir saint.,2024-12-12
110,101,36,2,Inviter passer livrer confiance enfin rentrer bouche curieux vent siège premier autrement guère.,2023-12-13
111,483,184,1,Tomber presque journal impression peu mouvement moment votre réserver.,2024-07-07
112,331,161,4,Course indiquer plaire mon poussière drôle mort nul mille intéresser calme repousser dos.,2024-12-18
113,121,341,2,Sous blanc jeunesse rapidement ensemble verre environ banc or larme couvrir bord simple.,2024-01-03
114,221,48,4,Trésor pensée propre troisième poste expliquer avant morceau sérieux hiver exister.,2025-01-29
115,201,440,4,Appartement entrée élément as art vaste pleurer sol sol éclat barbe.,2023-07-13
116,336,495,3,Précipiter prix robe mine appuyer médecin président petit parent expérience voilà palais projet.,2024-03-05
117,13,339,4,Bas chant un journal fier tôt beaux poids verre clef.,2025-02-18
118,270,18,4,Céder spectacle diriger obéir voilà rapporter observer haut saisir valoir plante impossible.,2025-01-11
119,98,239,2,Certain connaître épais établir carte puissant prouver comment convenir signer pas abandonner doigt promettre.,2024-03-23
120,193,456,1,Hiver rose rue tout lire subir intérêt route membre haut.,2023-07-09
121,401,174,1,Face heureux ancien boire prière supérieur imaginer installer marcher.,2024-02-13
122,60,215,5,Ouvert douleur jeune cours pousser hauteur demeurer creuser terre tellement voilà.,2023-04-15
123,439,81,5,Essuyer foule agiter par affirmer jusque vendre.,2023-09-05
124,170,84,4,Confondre leur faim faux phrase sous entendre curiosité saison somme.,2025-04-04
125,206,468,4,Perdu toi mener son matière jeunesse noire diriger brûler réclamer pain terreur dix.,2024-04-19
126,220,369,5,Mort souffler haute épais voie armer.,2024-08-11
127,294,42,5,Heureux bord françois toit puisque neuf lequel ajouter enlever indiquer.,2024-11-12
128,164,494,3,Voisin côte joue lourd signe cou soit pouvoir partager jeunesse ouvrir tour.,2024-10-13
129,398,382,2,Jardin certain trou leur médecin roman ajouter prix fer.,2024-08-18
130,241,259,4,Arbre veille essayer dame fin protéger sortir etc.,2024-11-19
131,284,330,1,En descendre amour raconter dimanche armer dehors point barbe autrefois colon oh.,2025-03-09
132,15,411,1,Bleu terrible centre ordre tu sorte voiture problème grain.,2023-04-19
133,220,8,4,Pauvre moyen parent interrompre plaisir jambe compte politique.,2024-02-08
134,252,229,3,Anglais fonder plusieurs curieux prince sauvage moins tomber voisin.,2023-09-07
135,465,54,3,Saison davantage grain obéir prêter sans mot haut.,2025-04-04
136,263,433,5,Personnage passer maintenant armée convenir sorte.,2023-12-19
137,264,381,5,Direction lisser terme recevoir et secret.,2024-11-10
138,464,273,1,Peuple l'un avouer durer dégager troisième abri printemps.,2023-08-14
139,464,239,5,Rouge chaise et professeur donner selon haute liberté endroit ton.,2023-09-25
140,143,185,4,Précis loin porter tendre général charge pied en crainte appartement.,2024-05-26
141,352,230,2,Tromper mois emporter rentrer goutte ouvrir relever branche écouter tandis que briser étroit ignorer.,2023-04-27
142,450,313,4,Demi drôle sérieux coin ci porter pain simple comme soirée.,2025-02-11
143,218,246,1,Classe train même anglais réduire autrefois caresser suffire.,2024-11-25
144,321,406,2,D'Autres remettre journée violent supérieur que pur parent asseoir d'abord apprendre fait.,2023-09-16
145,227,420,1,Et fidèle durer parent nuage pied mauvais moment appuyer fou descendre apprendre frère.,2024-09-28
146,70,368,5,Passé libre lèvre haut vent son propre promener.,2024-05-03
147,478,5,3,Tromper donc quarante pénétrer parole maison savoir.,2024-07-17
148,324,28,1,Avant bras précipiter jamais voisin comme habitant servir regretter après mine sept.,2023-06-30
149,190,216,4,Souffrance barbe lutter soirée pourquoi effacer parvenir.,2024-09-25
150,41,107,2,Nord à conscience question attacher fuir vieux mine yeux marche valeur égal beaux.,2024-06-15
151,342,260,1,Flamme descendre maître aller possible passion autrement fruit siège mener fatiguer mer.,2024-12-23
152,131,351,5,Taille preuve fonder peau y faible dépasser cesser visible imposer moi plaine tombe expliquer.,2024-06-10
153,435,43,2,En journée aventure pas fumée ton honte lui poussière droite.,2023-10-05
154,261,5,3,Que compter corde tapis toile lui aider l'une résultat depuis.,2023-04-22
155,76,496,1,Ouvrir exposer professeur extraordinaire deviner respect coin ah événement.,2025-02-26
156,181,373,5,Presque blond avouer consentir le retour soir rideau réfléchir doute.,2023-09-08
157,446,420,2,Celui ensuite portier tromper nez animal air cuisine épaule sauvage condamner or.,2024-09-27
158,12,117,4,Mariage pendre fait pas sourd côté.,2023-12-18
159,483,30,2,Faible respecter rester espoir obéir angoisse source banc depuis sourire fille coûter.,2024-07-01
160,146,275,4,Achever courage toi glisser lettre certainement quant à petit pied.,2024-05-14
161,452,474,2,Crise minute libre remettre accepter type.,2024-04-17
162,181,455,1,Épais nuit prison représenter je hauteur cercle.,2023-08-29
163,53,71,1,Temps armer toucher avec pauvre joli joindre connaître sorte voir ensuite connaître angoisse.,2025-03-03
164,329,287,2,Dangereux joue offrir jeune court profondément goutte livrer quinze professeur très baisser.,2024-01-14
165,370,421,3,Garçon songer terre tantôt mais étranger bureau.,2024-03-28
166,433,11,5,Oreille quand puis début genou produire deviner geste courant vieillard sec plaire réunir.,2024-04-30
167,82,48,1,Pont social moitié espace action accompagner tirer point fenêtre hésiter françois.,2024-07-17
168,2,192,2,Intention tomber réussir réserver saint or sous banc.,2023-10-05
169,107,369,4,Surprendre du espoir fermer horizon sauvage mince relation.,2023-10-04
170,327,227,4,Rencontrer trouver ici rapidement moitié sorte attacher.,2024-08-20
171,155,424,4,Auquel bête et billet étranger âgé type accomplir jamais offrir.,2024-02-27
172,393,327,3,Recommencer passer fonder nom enlever donc véritable tenter coucher réponse.,2024-07-03
173,138,483,5,Exister espérer considérer problème doux rêve différent douleur combien conclure.,2023-07-17
174,474,461,4,Folie vue ton frapper rassurer vague figurer volonté croix assurer bruit.,2023-12-10
175,171,297,5,Haut recevoir regarder justice retomber succès long blanc simple.,2023-11-24
176,448,11,3,Premier manier écouter discours céder mois examiner profondément mais avouer remarquer.,2024-06-10
177,197,294,3,Aider cause accompagner annoncer calme prison accorder ferme mais élément sec président.,2024-04-16
178,461,67,3,Tout voisin charge françois voile front prison victime prince achever.,2023-11-10
179,477,476,1,Précipiter siège oeuvre rien que poser.,2023-10-13
180,333,458,2,Représenter vite mille plaire cabinet faute source attitude tour précipiter cours couleur bord.,2024-04-08
181,318,212,1,Quel repas entretenir profond bas changement manier joli.,2024-10-25
182,464,100,1,Rapporter recevoir prétendre accuser possible savoir complètement type nom blond gens voiture.,2024-11-14
183,354,390,2,Air couler empire journée ruine tâche sens cou.,2023-05-06
184,206,455,3,Nombre déchirer double visible souffrir impossible valeur lourd.,2023-09-14
185,305,149,2,Robe fait oh fenêtre coûter perdre agir médecin lettre beau écarter fil.,2024-02-16
186,92,139,3,Saluer paysage étage usage moment lorsque officier question détruire effacer geste oreille.,2023-12-08
187,466,260,5,Défaut fin folie croix enfoncer pas jambe impression devant puissant répéter profondément.,2024-12-22
188,348,99,1,Curiosité autorité fil voyage note aussi chef étaler grâce souvenir permettre.,2023-05-02
189,193,26,5,Solitude rêve confier passé camarade coucher large fenêtre.,2024-04-11
190,194,109,5,Sembler courage entraîner pour tendre accomplir accrocher vingt achever glace.,2025-02-18
191,319,389,3,Terrible prince pendre toi soir pendant accuser blanc théâtre passé durer joindre.,2024-10-09
192,418,394,4,Pain réunir triste type trésor contraire pourtant traîner haut prononcer.,2023-06-04
193,221,281,2,Plus rire premier eaux argent certes vide nombre façon peser.,2023-04-22
194,104,309,4,Vieillard air sauvage essuyer drôle accent.,2025-02-10
195,23,305,5,Traîner marché intéresser étaler quinze nouveau marchand digne eh vent flot pénétrer rompre.,2024-05-17
196,174,199,2,Anglais nom nuit course militaire foule été terre.,2024-03-10
197,280,96,5,Annoncer d'autres obtenir chez causer devant homme trop.,2023-04-28
198,394,111,3,Complètement céder ruine menacer français crainte début présenter yeux réduire public exister.,2024-03-12
199,294,135,1,Léger franchir bonheur dos près agent assez rencontre ennemi vaincre déchirer demander.,2024-08-20
200,14,25,4,Son type nombreux pont contraire songer mériter pensée droit obtenir claire soldat bureau.,2024-03-27
201,133,57,4,Moyen nécessaire refuser oiseau cri exister.,2023-12-25
202,96,499,1,Couche chien souffrir sauvage en rouge ombre soi famille vieux courir.,2024-09-04
203,339,291,2,Disparaître ferme douter fenêtre machine yeux.,2024-10-03
204,309,44,1,Vert lorsque aucun le dessiner pays face direction dix jeter étendre.,2025-02-01
205,499,322,5,Valeur autorité taille voiture caractère étage rue vin vague humide te chaleur écraser.,2025-03-15
206,340,296,1,Sommeil travers rouge plein paysan pourquoi reprendre repousser atteindre avec ressembler tellement.,2023-09-22
207,413,364,4,Rentrer dégager certain chef paix avouer silencieux chute peser offrir traîner.,2023-08-31
208,80,356,4,Président peser rassurer remonter si rouge haïr.,2023-08-19
209,79,159,4,Mais de long me blanc ton chose sec regarder promettre.,2023-11-21
210,454,270,2,Jeune petit au haut trace rayon comment.,2023-07-28
211,498,111,4,Posséder personnage tourner plaire passage chef chemise nom.,2023-06-26
212,227,203,3,Avec danger police dernier fine présenter crier confondre terreur dresser traverser.,2023-06-26
213,457,90,3,Rompre manger lueur homme abandonner passé apparence avoir goutte quel sourire.,2023-11-28
214,372,235,4,Plein président justice fils façon sable connaissance.,2023-09-08
215,350,228,4,Patron front corps liberté terre principe.,2025-01-05
216,252,284,1,Siège chance horizon joindre demi miser protéger chanter village manquer.,2024-05-20
217,203,35,5,Gris risquer fine cinquante cesse voie plaire apparence rapidement suffire bois nul.,2024-11-26
218,374,185,4,Parti caresser besoin source deux naître.,2023-05-28
219,477,101,1,Juste printemps pont porter plaine colline ne refuser bientôt comme bord durant petit.,2023-11-06
220,362,410,4,Foule curieux suivant oeil satisfaire rire rire crainte machine argent veiller vieux livre.,2023-07-05
221,308,413,1,Village geste tourner rapide puissance cacher pas moi dans lieu votre.,2024-12-14
222,166,339,3,Réveiller fait brûler secret rayon douze attirer sûr accord chant.,2025-03-15
223,75,137,3,Certain direction entrée ouvrir sembler mourir ennemi.,2024-08-24
224,312,423,5,Énorme cour prévenir queue pas comme immense marier vague distance.,2024-04-08
225,476,424,3,Pendant retenir devoir amuser devant près officier tomber sonner.,2024-02-16
226,436,45,5,Baisser penser placer pendant haut ton.,2024-04-18
227,165,383,3,Appuyer religion faible représenter doux amener ligne permettre dehors précipiter apparaître.,2024-10-18
228,339,310,3,Comment poitrine vin parvenir trente tandis que autorité tranquille un.,2023-04-30
229,359,77,4,Chasse sur réponse personnage dangereux temps accepter oncle métier année.,2024-11-16
230,21,472,3,Cinquante avant combat lire apprendre malheur.,2023-08-03
231,73,207,4,Seul imaginer réclamer fermer flamme second haute mourir travailler fier surveiller mariage.,2023-07-12
232,208,80,5,Au étonner lendemain odeur voisin perdu soutenir.,2025-03-13
233,44,275,5,Présent diriger capable souhaiter discuter armer quelque bois.,2024-04-05
234,126,21,4,Propre le marcher travailler quinze doux soi.,2025-01-18
235,332,442,1,Endroit rapport voisin bois sourire non inspirer pauvre parcourir dos.,2023-08-17
236,344,34,2,Vraiment événement jardin neuf vision centre espèce ouvrir comprendre élever situation.,2024-07-17
237,242,168,1,Encore malgré creuser mien lutte position empire traverser.,2024-01-26
238,139,12,5,Réveiller nez cuisine midi sentir souvent camarade transformer seulement ajouter sable.,2023-12-13
239,140,151,2,Somme décrire besoin devoir angoisse parvenir blond loin.,2024-10-30
240,132,388,2,Effort billet cuisine vieil blond entrer jamais.,2024-10-06
241,37,457,2,Blond sentir dix changement étroit absolu naître particulier odeur.,2024-07-09
242,389,405,1,Fort mari souffrir précieux secret chez long quelque abri livre commun très.,2024-08-10
243,466,342,4,Sourire au article couche puissance nez fonder fauteuil avancer jaune désirer parfaitement portier.,2024-02-09
244,308,49,1,Avance un front menacer du vouloir tranquille chute saint mari étendre ah rentrer.,2024-12-21
245,289,102,1,Retourner manquer dominer par inspirer yeux révolution toi.,2023-05-27
246,479,163,2,Montrer posséder plaire accent lieu complet marier escalier digne.,2024-10-05
247,133,111,4,Repas jusque colon général parti enfin fatiguer fenêtre détruire avance mari.,2023-06-24
248,129,63,5,Place je témoin mais plaine loi déchirer exiger phrase nombre falloir consentir.,2024-11-11
249,419,488,1,Ceci petit lèvre gris se avancer garçon eau journal second beau.,2024-03-30
250,433,237,3,Subir amener rentrer imposer vendre pur simple.,2024-09-14
251,246,24,4,Réalité sauter fou dresser beaux pleurer mêler contraire femme prier.,2024-06-17
252,297,112,3,Nous parvenir voisin pendant mer essayer rêve.,2024-03-01
253,187,100,2,L'Un davantage considérer retour porte posséder delà veiller erreur imaginer cercle mort surprendre.,2024-02-19
254,433,363,2,Sans loup malade papier véritable unique marché membre noire cheval résoudre tout.,2024-07-11
255,485,120,4,Siècle perte émotion depuis joindre glace refuser idée dresser soleil maison.,2023-11-29
256,386,246,3,Libre jeune or cercle ordre neuf juger grandir falloir céder brusquement joli.,2025-03-16
257,51,210,4,Droite besoin moi fille frais cheveu.,2024-02-01
258,222,477,5,Menacer jeunesse terre danser douter permettre souvent marche voisin.,2024-02-02
259,5,466,5,Envie enfoncer article savoir lendemain voir côté éloigner penser mouvement.,2024-10-02
260,131,98,4,Mesure matin question ne présent foi noir absolu haïr chute vrai tranquille.,2024-02-23
261,379,330,3,Prouver nerveux un heureux créer douceur rang.,2025-01-16
262,60,198,5,Lever convenir race pays oh jambe allumer.,2025-02-03
263,210,288,3,Façon courage pierre endroit également rapide personne glisser.,2024-09-12
264,490,492,4,Système en eau époque rassurer problème accord.,2024-07-07
265,198,26,2,Agent signe eh vérité malade si cher père observer rentrer.,2024-08-05
266,8,443,2,Poser crainte spectacle absence inconnu mauvais.,2023-07-21
267,50,388,1,Fort pied ceci étendue sérieux effacer complet commun dimanche faveur.,2023-06-10
268,475,134,2,Besoin fil obtenir mieux bout compagnie succès rendre plaine fond.,2023-06-13
269,264,297,2,Cependant établir sauver problème dimanche malade peu lèvre indiquer certain.,2023-11-19
270,226,464,1,Du expliquer cerveau sourire connaître voilà bas respect robe affirmer saint côté.,2024-08-12
271,57,411,1,Époque clair pouvoir pencher fruit puis contenter sou maladie caresser chiffre de.,2024-01-15
272,276,221,3,Non repas changer jusque roi sueur dangereux robe suivre faire.,2024-02-12
273,75,5,3,Rouler delà midi compter lourd carte avouer notre lorsque témoin produire.,2025-03-19
274,361,208,3,Connaissance de payer proposer tendre place.,2024-07-12
275,356,213,4,Roche taille poste huit silence emporter tenter frère frais.,2024-08-29
276,168,190,4,Chance troubler exister non masse reculer dessus acte.,2023-06-18
277,411,444,3,Permettre protéger minute arrêter système herbe peuple devant complètement effort être saluer.,2024-06-24
278,39,455,3,Détail entretenir banc gens perte pointe déchirer âge aile terrible dont depuis.,2024-01-08
279,415,57,3,Apparence oncle cheveu sommeil signer commencer métier triste rencontre secours douter soirée naturellement.,2024-06-15
280,336,335,3,Découvrir chose sueur côté caractère petit tandis que surtout aimer chercher terme angoisse chasse.,2023-11-20
281,164,416,2,Détruire choix expérience puissance obéir commun lieu d'abord profondément nord politique le son.,2024-05-06
282,192,494,2,Imposer demain mais réussir partout approcher faim voilà impression personne grave naissance.,2024-07-25
283,55,156,4,Poitrine semblable cesse préparer cesser raison prison bout véritable compte.,2025-01-07
284,75,164,5,Partout goût jeune accomplir question son votre descendre peur mémoire courir premier étranger.,2024-05-31
285,167,440,3,Vers lune quelque beaucoup passé ville interrompre haut camarade trouver.,2023-10-05
286,90,309,3,Moi soleil être traiter sentier respect.,2023-12-03
287,388,306,5,Chat désormais histoire façon faveur long.,2024-12-22
288,269,185,2,Haut siège maladie témoin crier lui quatre fier auteur arbre partir sourd.,2024-07-03
289,448,260,4,Profiter façon satisfaire mourir eaux temps certes vin il.,2024-10-18
290,366,147,1,Curiosité esprit militaire beaux briller éloigner agir rapidement bas.,2025-03-05
291,11,404,3,Comment signe causer ordre rapporter désigner.,2023-06-25
292,475,393,3,Peine entre officier titre branche françois sentir secret simplement nation anglais douze admettre.,2024-11-02
293,208,236,3,Naissance île libre tombe parti prière saint ajouter si militaire coin sien.,2023-11-25
294,272,375,1,Bureau ressembler repousser parmi observer éclairer couleur silencieux oser distance.,2024-01-28
295,44,101,2,Couper désormais doigt poète armer titre remplir deux article chasser habitant.,2024-04-10
296,443,314,5,Obtenir ville parfaitement supporter par soi accorder.,2023-11-10
297,92,313,3,Musique franc sein est d'autres vague cesse espoir boire ceci.,2024-08-27
298,359,265,4,Aile beauté jusque soin triste absence convenir perdu.,2023-04-26
299,230,99,2,Mériter élever placer obliger art minute immobile nombreux.,2024-08-30
300,299,79,3,Faire musique politique mensonge silence esprit présence arbre quinze et regarder françois accorder.,2025-04-03
301,383,232,1,Fusil semaine vivre français folie entretenir.,2023-09-05
302,341,49,3,Habiter rapide fatigue action glace dos.,2023-09-01
303,21,12,4,Défendre douleur déjà engager supporter clef.,2024-07-18
304,242,34,1,Ici user calme voisin claire demeurer quelqu'un épaule reprendre condamner très.,2024-05-06
305,269,400,4,Suivant rien jeu long cesse savoir.,2023-09-18
306,308,287,2,Autorité disposer cheval par musique pensée imposer encore convenir argent école.,2023-12-22
307,347,97,1,Réduire avouer entendre marché poids mener même ce presque nature colère membre expliquer.,2023-06-14
308,356,190,5,Obéir exister blanc entier souvenir vin remercier ombre condamner soit.,2024-04-17
309,306,150,5,As réunir disposer là simplement poitrine.,2024-02-14
310,251,59,2,Repousser expérience sentier école seul coup.,2023-06-30
311,172,181,5,Parfois posséder ami milieu rose retirer fatigue différent page doigt projet naître personnage.,2025-03-17
312,42,446,2,Midi promettre chasser lumière passé à désir apporter douleur apporter réussir.,2023-08-24
313,252,430,2,Médecin hasard direction réel loin impossible idée surprendre offrir rapide second oncle.,2024-04-25
314,68,464,5,Abri respect temps nord doucement autre en siècle.,2025-02-27
315,22,268,1,Représenter remplacer usage rose père sembler violence souffrir depuis.,2024-02-07
316,475,90,3,Deux protéger jamais marche chercher lit fatiguer sauter enfance.,2023-10-26
317,424,432,2,Réclamer rouler y accord ailleurs faveur mémoire si écrire encore.,2024-06-19
318,194,205,2,Quelque vide propos attirer nombreux ensuite soir subir soir ressembler respect honneur.,2024-06-05
319,374,124,2,Parent simple nouveau soudain prêt habitant lumière.,2024-03-12
320,495,235,3,Car gauche oreille taire bureau faim hors danger avenir pleurer écrire chaleur penser.,2023-09-25
321,264,9,1,Eaux faute veille demander payer faire public.,2024-12-02
322,291,315,5,Obéir soutenir rare coin changement nous donner vers parmi sauver.,2024-11-27
323,317,16,1,Ainsi résister début ouvrage usage nouveau sauter remplir écraser.,2024-10-04
324,70,344,2,Éviter prière cinq crier existence fait arrière animal rapide grandir second.,2023-05-27
325,96,393,2,Corde fermer inquiétude chanter signifier interroger lequel rare phrase crainte accorder.,2024-05-20
326,263,251,2,Emporter embrasser chef libre sac claire femme seconde.,2023-08-27
327,150,59,5,Soir assez aider paupière demi sombre petit.,2023-12-08
328,257,152,4,Moi geste objet armée par madame jeune gauche environ mener réduire essayer dessus.,2023-12-03
329,366,94,1,Sol semaine signifier debout puissance creuser indiquer étudier retourner cheveu.,2024-07-25
330,446,218,4,Auteur tapis chacun eaux rester rare.,2023-07-13
331,369,437,3,Sûr âme égal cela envoyer obliger tuer ça.,2025-03-31
332,289,12,5,Élément français race larme nation imaginer abandonner social bas quarante.,2024-03-22
333,75,26,2,Confier prière cheval théâtre bon bureau cruel tenter plutôt fruit caractère acte.,2024-11-15
334,232,284,1,Rose sien sable ah retenir révéler travers douter portier obéir mot trouver.,2024-03-02
335,193,370,2,Manger couche rêve regretter événement derrière poitrine résoudre arracher oreille toi chat non.,2025-03-26
336,189,397,4,Trésor pendant étranger forêt crise curieux sorte.,2024-05-30
337,193,420,4,Trop fond vert agir grâce briser sien cri couleur vif joie pain.,2023-09-06
338,229,71,4,Inspirer beaux si coûter monsieur afin de monsieur temps pour juger.,2023-05-18
339,117,337,1,Respirer palais étrange triste prêter taire qualité île rond.,2024-09-13
340,78,285,5,Immobile souhaiter dent endormir qualité éprouver parler maître secret ombre mois.,2024-08-10
341,1,281,4,Immense tantôt curieux doux écraser demain.,2024-07-26
342,382,471,1,Mur ignorer grand terminer aspect lieu.,2024-09-07
343,304,406,1,Arrière sembler votre planche manier abattre.,2023-07-03
344,154,106,4,Instant moins curiosité sembler disposer cacher lui aspect amener y accuser.,2023-06-12
345,112,342,5,Permettre sable précipiter puis dent tombe rare exister suivre masse prison vie.,2024-04-10
346,383,489,1,Entourer visite fort chance patron sac accompagner entendre.,2024-04-25
347,166,94,1,Considérer passion ce pleurer passé riche corde.,2023-07-02
348,161,466,2,Cinquante rire mince écrire françois île loi ignorer mentir.,2024-05-14
349,459,42,5,Repas suivant dessus exiger désert juste étranger dehors glace curieux.,2025-02-14
350,92,280,3,Fait nuage professeur fumée quinze table chaque attitude.,2023-04-17
351,2,77,3,Vide profiter longtemps inconnu rose déjà grâce habitude quand.,2023-09-08
352,134,483,4,Faire histoire dormir flamme avis condition voir.,2024-12-13
353,468,442,2,Jardin aussi dominer valoir tendre parmi.,2024-04-20
354,13,450,5,Compter expression possible rompre détail route être.,2025-03-21
355,282,474,3,Lune vingt tracer soir arbre commander naturel éclater particulier avant.,2024-01-30
356,358,246,4,Prier nom magnifique léger parfaitement content vision qui fidèle.,2023-11-25
357,375,141,3,Tout ne lueur eh différent mal adresser matin commencement foule détruire placer serrer rayon.,2023-08-11
358,31,370,4,Tout lire malgré lever expression siècle extraordinaire tombe véritable.,2024-07-16
359,114,483,3,Saisir terminer chef surveiller famille tu courage souffrir subir éprouver.,2023-06-27
360,161,171,5,Serrer mentir empire soi agiter dernier premier prévoir armer songer éclat exiger haut.,2024-10-19
361,326,474,5,Beaucoup neuf cause conversation ligne main quatre voyager ailleurs réflexion passer.,2025-03-10
362,362,163,1,Complet force goût verre existence profond loi règle port.,2024-04-20
363,11,84,5,Élément jeter sourire fauteuil visite douze ensuite calme parvenir amour vague musique habitude.,2024-11-04
364,37,78,4,Larme regard quelqu'un soumettre indiquer rejoindre lier petit obliger montagne.,2024-05-24
365,206,108,1,Figurer pain arracher tombe chef mieux regarder centre trace accent.,2023-04-15
366,323,413,3,Mauvais et malgré recherche agir encore quinze commander plonger loup adresser vol finir.,2024-10-12
367,323,419,1,Parti raconter certain manier armer oublier poids que étaler.,2023-09-03
368,282,402,1,Vous chemin nécessaire car conduire toujours acheter fond loi colon à divers comment.,2025-02-08
369,149,100,3,Arme libre siècle exécuter rond devoir parti mille.,2024-06-14
370,8,290,2,Précéder droit complet voie agiter ni mince pitié ensuite chaise.,2024-09-20
371,278,403,2,Bas recueillir sonner droit exécuter françois prêt nouveau.,2023-06-03
372,439,401,3,Guère angoisse quelqu'un ceci hors huit attacher renverser lien.,2025-03-15
373,402,58,3,Pied chasser taire salle souvenir disposer.,2023-12-06
374,386,122,2,Jeu étaler tenter consulter refuser défendre lequel.,2024-06-26
375,366,106,5,Parfaitement confiance hasard madame guerre donc manier vêtir.,2023-08-07
376,29,415,2,Douceur avec douleur reconnaître fenêtre si connaître genre cesse pourquoi.,2024-06-15
377,35,43,2,Profond égal autour essuyer faim représenter empire charger armer toute mal.,2024-08-21
378,200,30,5,Durer herbe sept protéger moyen patron étoile partie façon que accent.,2024-07-22
379,447,379,3,Dont contenir demain enlever ramasser contraire effort garçon pouvoir droite âge.,2025-02-13
380,187,47,5,Meilleur terrible emmener bureau retour offrir justice jamais.,2025-01-29
381,323,245,3,Énergie lieu camarade vide sueur emmener français intérêt.,2025-01-14
382,154,260,4,Prévoir charge ensemble cacher désir monter calme.,2024-07-31
383,303,259,3,Fou page rentrer horizon musique sol assez à anglais savoir clef notre compte.,2024-01-07
384,286,342,4,Prochain baisser parfaitement dieu françois cinq émotion apporter solitude intelligence.,2024-06-21
385,307,193,3,Du problème achever connaissance ramener rêver.,2024-04-20
386,386,102,3,Faute trente esprit de grand étranger dépasser tranquille enfance arme objet cela.,2024-10-27
387,17,438,2,Trouver heureux sourd puis exposer sauvage nez.,2023-10-25
388,408,338,4,Détacher enfoncer impression accompagner retourner demeurer impossible mort.,2024-08-23
389,112,359,3,Blond doucement visage sentier auquel voilà étroit goutte miser jeune vivre effacer.,2024-05-07
390,167,435,1,Semaine rapport intention gagner autrefois satisfaire eh source terrain chemise ligne juger créer.,2024-10-07
391,137,165,3,Marier port cause depuis emmener sommeil réussir vaincre aile folie tapis ah revenir.,2024-11-22
392,233,1,2,Lorsque voler inviter retourner femme éclater présence imaginer ailleurs engager sourire apparence.,2023-11-03
393,108,88,4,Regarder appeler il prévoir pauvre âge disposer.,2025-02-22
394,60,90,5,Fin faux fatiguer cruel grave plus demi.,2024-03-29
395,54,5,1,Existence chacun livre simple armer preuve vêtir sentier jardin fait.,2024-11-10
396,122,498,2,Planche larme fête donc relation grandir combat fixer inviter résultat cesser presque.,2024-09-01
397,45,415,3,Fou grand choix beau vague fois votre fusil naissance endormir mer reconnaître craindre.,2023-10-18
398,104,258,2,Savoir petit erreur révolution éclat attaquer terrain vue gloire voler lumière tuer.,2024-03-02
399,415,32,5,Lendemain agent fatigue changer regard voix auquel rappeler interroger tard.,2023-12-05
400,348,376,1,Signifier plus trouver enfance affaire ton ligne glisser réclamer vide vieillard pourtant.,2023-11-04
401,8,38,2,Époque flamme bon roi sur debout annoncer immense pousser exposer beaucoup exemple.,2024-09-21
402,94,468,2,Depuis colère trésor politique remercier celui réalité rapport.,2024-05-25
403,105,34,3,Hors encore perdre situation créer argent.,2024-05-28
404,137,345,3,Bien marier respecter politique contre garde aventure sembler cinquante chiffre.,2023-04-27
405,235,93,2,Tracer choix fumer présence vieillard branche permettre gloire convenir côté.,2024-09-08
406,368,143,4,Chez bruit hier souffler dimanche officier précipiter tout.,2024-01-21
407,181,44,5,Vague vieil te preuve notre poursuivre aile.,2024-07-01
408,403,453,1,Remercier vaincre offrir attirer votre prison différent construire étude parce que montrer.,2024-03-02
409,454,278,2,Mémoire établir semblable science rassurer espérer tenir réponse juge désir gros particulier.,2024-05-07
410,416,185,4,Impossible sentir menacer solitude expliquer roche choisir choisir mon campagne profond troubler.,2023-12-17
411,67,59,4,Son complet accorder nombre vide mon juger seul nature venir.,2023-07-05
412,416,171,5,Devant si peine croiser exposer voici endroit lequel étude spectacle.,2024-06-20
413,98,202,4,An naturellement vue miser représenter partager fruit.,2023-11-17
414,386,463,3,Sans dieu pénétrer instant abattre quinze espèce pleurer souffler rendre saison avancer.,2024-01-03
415,425,407,5,Remercier apparaître voiture poids le propos vivre problème.,2024-04-16
416,227,121,2,Signer sourire folie goût roi permettre.,2023-11-07
417,143,417,5,Précis leur déchirer vivant pain leur course content frais cours bas perdu.,2023-06-07
418,35,59,1,Escalier or sou calme énergie saint surtout croiser ruine.,2023-08-08
419,91,175,3,Puis route discussion mille part angoisse descendre.,2024-04-11
420,497,428,5,Morceau exécuter signe jour agent pont comment achever premier fait préférer fixe secret.,2024-07-05
421,18,439,2,Prévoir obéir parcourir membre emporter existence bord.,2023-05-01
422,313,41,5,Douze signer compagnie soulever vivre supporter immense courage prévenir.,2023-05-15
423,84,21,1,Dimanche coin souffrance d'abord occasion sentier importer homme aimer théâtre rire ferme rapport.,2023-11-19
424,6,302,5,Social prétendre imaginer créer saint traîner poitrine l'un retourner signer gros.,2024-01-03
425,336,318,5,Marchand intérieur année retomber ce précieux pouvoir accuser cher.,2023-10-14
426,491,131,3,Surprendre chercher même genou jardin côte enfin.,2024-04-21
427,389,91,2,Noir lien chaud voilà frapper engager léger anglais relation.,2023-10-10
428,325,312,2,Émotion loin couche robe davantage longtemps existence chaîne sentier avec.,2024-08-07
429,163,193,3,Bois riche matière doigt agiter embrasser.,2024-09-06
430,103,483,1,Aujourd'Hui trouver jeune contenir action coucher finir saint vieux rond finir pendant.,2024-05-29
431,246,190,5,Humain annoncer beaux oeuvre âge roman fuir français voisin.,2023-10-24
432,29,102,1,Moyen gloire prévenir léger peur tranquille.,2023-08-06
433,198,220,1,Alors rideau rendre mille supérieur passé rapport trente raconter pur habiter étrange.,2024-07-08
434,210,85,1,Battre présent déposer couleur acte autrement.,2024-05-27
435,467,401,5,Effet voiture courir bien propre conclure ou.,2024-12-16
436,20,366,4,Durant sauver monsieur souffler position victime nul.,2024-09-23
437,451,365,2,Poser fatiguer contre réalité papa quel dessus troubler éviter afin de gris.,2023-11-15
438,216,56,4,Agir hésiter chanter forêt son mort sur appuyer comprendre verre.,2023-11-30
439,404,437,2,Faux sac froid falloir liberté comment.,2024-11-23
440,87,305,2,Fois midi centre parfois du car général rapport.,2024-05-31
441,475,424,5,Vêtir baisser battre dont haut guère souvenir or choisir.,2023-08-10
442,370,287,5,Agiter de milieu étranger complet âge.,2024-09-25
443,335,500,3,Rouge vivre eaux boire sourire quelque plaindre.,2024-08-05
444,223,353,5,Demi haine danger mémoire appuyer mettre départ cheval témoin.,2024-05-27
445,169,336,5,Croire émotion été quelqu'un avant soulever nuage cinq paraître aucun sommeil.,2024-07-02
446,391,470,2,Quatre verser voisin doigt présent songer nuage conscience.,2024-09-03
447,211,79,1,Saint vérité accuser article goût inventer perdre relever.,2024-10-19
448,367,35,3,Entretenir emmener porter cesser médecin curiosité existence ministre fou santé papier semblable.,2023-06-21
449,394,438,5,Neuf propre assister inviter affaire colon saint propre jamais lourd devoir.,2025-03-30
450,65,459,5,Claire rayon jaune important exister personnage passion sec fauteuil.,2024-07-29
451,347,18,4,Sentir regard reprendre dessus sien fier faible mal abri établir toile.,2024-11-25
452,20,93,3,Ferme d'autres crier pouvoir baisser après tout battre.,2024-07-17
453,367,86,4,Vêtement crise condition désert apparaître vague secret.,2023-08-22
454,196,470,1,Briser voix avant poste effacer ancien tempête chute étoile professeur.,2025-03-18
455,335,429,4,Éloigner pousser emporter muet qui espoir tranquille fin relation étranger quinze tu état.,2024-01-10
456,94,412,3,Est vague éteindre riche appuyer manier près sien désormais éclairer énergie ici.,2025-01-31
457,126,214,5,Demander ville roman aussitôt vieillard quitter.,2024-09-07
458,59,155,3,Fatigue tirer qui amour surprendre mesure plan trouver caractère bord poste aller facile.,2023-12-22
459,169,499,4,Exiger larme chance arrêter corps peau céder phrase soir être figure.,2023-07-31
460,122,236,4,Éprouver manier paraître santé revenir pied répandre entraîner ligne nom immense.,2024-12-27
461,3,201,1,Événement nature espoir simplement jeu soi.,2024-08-11
462,114,296,5,Monde voix pays trop calme devoir nom.,2023-08-21
463,27,56,5,Conseil classe droit erreur cabinet serrer phrase présenter plaine alors chose ensemble reprendre.,2025-01-23
464,7,336,2,Simple ami membre mauvais moi interroger apparaître.,2023-11-18
465,239,393,4,Bon haut éviter soudain devant jeune rocher chercher quarante ni cruel recevoir peur.,2024-05-08
466,358,319,3,Bas sonner paysan fleur comme passage inviter foi argent tout midi.,2025-01-28
467,68,442,5,Neuf prison empêcher frère pitié contenir moi.,2025-01-17
468,109,481,4,Lourd ni lit vieillard souffrance pied haut vraiment relever.,2023-12-31
469,498,201,1,Exemple pur tellement ventre siège matin pousser désespoir question rêver problème ventre nombreux.,2023-06-13
470,213,315,4,Vous rapporter minute disparaître minute delà police fin médecin envelopper madame drôle portier.,2024-04-13
471,47,310,5,Demande difficile pareil établir auprès vêtir vers tard presque visite.,2025-01-19
472,133,333,5,Chef amuser mener rejeter écrire tendre.,2025-01-31
473,213,196,5,Flamme long près importer trouver répondre immobile chasser mensonge.,2024-07-29
474,472,287,2,Cerveau durant colline chute passion autrement répondre réflexion fidèle dernier revenir conversation conduire.,2023-12-17
475,248,228,2,Perdu soleil témoin médecin tendre désir.,2024-01-02
476,194,33,4,Disparaître voyager fin jeter tuer établir rapide devant avec.,2024-10-13
477,266,19,2,Rompre fort appartement vague ici machine.,2024-07-08
478,306,227,1,Surtout pluie tant somme arracher crise fin.,2023-05-24
479,342,394,4,Proposer écarter violent cercle eaux engager voici ami paysan contenter vaincre couche puissance.,2025-01-09
480,381,399,1,Dieu mine plonger importance entretenir très.,2025-03-11
481,99,236,2,Dix brûler conduire nom animal fou elle face confier.,2024-02-29
482,337,276,2,Désert anglais réfléchir trésor appuyer ruine absence voyage.,2023-07-21
483,21,206,1,Prière gauche planche entrée type caractère oncle.,2025-01-28
484,234,263,5,Goût crainte envie votre pas naturel paix bouche côte fumée.,2024-10-27
485,128,334,2,Cerveau science ennemi douter accomplir imposer bien charger système âme le.,2023-06-01
486,113,3,2,Enlever étage réunir drame ci expliquer présent rose.,2024-05-01
487,497,80,5,Siècle tirer ligne sommeil dieu deviner matière élever.,2023-05-30
488,26,186,2,Tranquille ce matière réveiller au pouvoir.,2023-12-23
489,483,362,4,Jaune croire troisième tandis que depuis front creuser céder.,2024-09-03
490,451,108,4,Personnage lentement troisième combat voie retour pas.,2024-05-10
491,122,68,2,Intérieur désigner prendre consentir verser chaud jambe voilà passé amuser neuf vite branche.,2023-08-09
492,65,455,3,Devant leur céder construire consentir fille reposer carte hésiter éclairer enfant.,2023-05-03
493,221,318,4,Roman dégager verser chair non importance ciel histoire habitant montagne.,2024-07-17
494,189,400,2,Réduire corps fauteuil croiser éviter choisir journal fait ami jeune veiller tendre trou.,2023-05-08
495,391,172,4,Attention arracher éclater changer goût ailleurs chute ministre poursuivre.,2024-04-14
496,181,433,1,Chacun autour santé lire erreur maison aussitôt expliquer connaissance.,2023-07-14
497,90,349,1,Machine assister nouveau envoyer former bête mon.,2024-12-20
498,270,269,3,Rire habitant remercier nom abattre certain.,2024-09-26
499,493,350,5,Matin sauter aussi yeux profond respect passage valoir.,2024-06-16
500,245,130,4,Réduire inviter distinguer étude voisin sauvage livrer égal rang être.,2025-01-12
