id,username,email,password
1,cousingilbert,ncaron@ifrance.com,dZtI2#YoJ+hk
2,celina51,rklein@tele2.fr,i_PSTRbr7^58
3,patrickbarbe,lorraineroche@club-internet.fr,33o)Gzu3#Dc&
4,prevostemmanuelle,vleroy@orange.fr,K2HeA)qv*hFB
5,bseguin,denis50@diaz.com,!5^X+jSfqfJb
6,royeric,francois45@tiscali.fr,&1HYqHgR$hgm
7,cguichard,gimenezdanielle@club-internet.fr,((BgOA5o1k8J
8,therese77,genevieveblot@wanadoo.fr,gj^WY8Qjz9Y5
9,nathalieriviere,dorotheechauvin@allard.com,*Zg#+kcHq3UN
10,anoukchauvin,alexandriedupre@deschamps.org,%TP*Bh$63zYI
11,xdiallo,sebastienalexandre@david.fr,jJ&3BpL+i3fO
12,guillaumepetitjean,jpayet@noos.fr,1Mjkr5rd@YDV
13,arthurrocher,emmanuelmasse@sfr.fr,*KIpAORxL8@s
14,etiennehenri,frederic78@yahoo.fr,4B!iwT6ccxIU
15,jules76,anastasierolland@yahoo.fr,Y54OEbtlf%6V
16,bertrandhamel,brigittecouturier@grenier.com,#Ml4nA2ewPqN
17,georges59,gabriellegaudin@noos.fr,TNp@7_Bv^7JM
18,bperrier,theophileferrand@blanc.fr,*uqbL8McSNt3
19,michele42,alain46@vaillant.fr,x9P1LK7h#DBR
20,adrien65,vchevallier@le.com,&BnAKiZ6i)3j
21,lbonnin,ydenis@voila.fr,t_8OgPmcANsW
22,fparent,thomas26@orange.fr,1(F1Nn4b^rq9
23,cleroux,sroger@olivier.com,$qET(jUAj0Id
24,matthieu24,nbruneau@dbmail.com,4!LAdtsmP6M(
25,kguillet,josephine38@pruvost.com,(40uH&dxfvdK
26,dominiquecamus,guyguillaume@tele2.fr,AW4I5NMgBb&W
27,baillyjacques,margaret84@tiscali.fr,*MP5)5JkXe^o
28,manonvasseur,charlesvalerie@free.fr,12Kw_lrr(BKY
29,meunierhelene,sylviebarthelemy@maurice.fr,+goR#L(jE59@
30,philippinejoseph,pperrot@martel.com,5jHBivuhm)3@
31,cbernier,philippine63@raynaud.fr,+1Qx2tiJg$sG
32,eric25,josephine29@live.com,CgNlRmWu&63b
33,stephane42,adamfrederique@martel.fr,OEK(5qxJn1Ss
34,plouis,arnaudehubert@monnier.net,x)up_rDj0o9E
35,margaux26,bpires@voila.fr,++z9(BnzGsAD
36,capucinegros,lauregregoire@charpentier.fr,(iW6Ib&kR6Ew
37,anne28,qadam@gmail.com,zp68DApxP*Yb
38,lerouxcecile,regnierdenis@rodrigues.net,_wG9GN@S)+na
39,faureclaire,penelope58@blanchet.fr,W8wQ4mxnBG*&
40,epaul,philippine03@tele2.fr,o#3Id3%rkH6%
41,micheltristan,celinabenoit@robin.org,y#a1On3pRFz!
42,margaud72,emmanuelle30@hoarau.org,A_aPcBukA_7x
43,guilberteleonore,sjourdan@sfr.fr,^bcgU9kYLk82
44,genevieveleger,francois44@tele2.fr,q!Z_8ERmuUzP
45,colettemasse,marianneleclerc@ifrance.com,skH8ZEkUVm!N
46,bertrandmarchand,nicolasroux@cousin.net,4WN6pvoB_X0p
47,fturpin,andre07@ifrance.com,#6AQuUFIm!_p
48,celina44,guy59@laporte.net,rX!vSux1UW96
49,imahe,camille18@gilbert.fr,0CH5YoY_u&$Y
50,wrey,wcollet@voila.fr,t(93K)tQ*)&M
51,tdevaux,bouvetroger@bertin.fr,HC$+gSiNZG8G
52,vincent69,fbernier@sfr.fr,%7H50eusvyzM
53,rollanderic,marquesvictor@club-internet.fr,vLZp8Rs))S%W
54,ydeschamps,alfred24@courtois.net,BJRH4tBp+S5_
55,xvoisin,emile05@gmail.com,w16JsWrg0MR&
56,valleeeric,delmasrene@gilles.fr,Zg!G4GAfkxmw
57,caroline73,eric84@brunet.org,Y$MAGPc)#64T
58,nandre,francois43@barbe.fr,KWj7fdBbGVf$
59,ferreiraelise,lebonjoseph@ollivier.com,(#D7RRma$KpR
60,rdescamps,mathieujerome@bourdon.net,_2fPwUlR)oe&
61,michelpaul,le-galloceane@gmail.com,Tx)E2KmtKXhX
62,charles25,djoly@dbmail.com,$I(2LoFxZrW)
63,lalexandre,jeannineturpin@bouygtel.fr,&4SMZxe9MOd0
64,deniseweiss,edouardremy@robin.com,EDwk5Dlx%!0c
65,zoe94,philipperenee@club-internet.fr,#3xsG2EH@VF4
66,dufoursabine,bbourdon@hotmail.fr,rCCciXuO$1U^
67,weissmarine,martheschmitt@gmail.com,2$u&5NAkSce*
68,philippeleroy,marcel03@voila.fr,Y+#RjYFb_8A7
69,danielle80,maillotanne@orange.fr,2)x4R1(Cxtkk
70,nathalieboyer,marine29@camus.com,l4PCcvM3)1Xe
71,ericbazin,valletadelaide@chartier.net,Up@6yKd(&1!D
72,ugallet,milletagnes@cohen.org,r(39FE%j(&)A
73,marionthibaut,margueritemoreno@live.com,Ush9Ui)Z@MKt
74,sabinedupre,augerrobert@yahoo.fr,)rp25toZ(8Y3
75,brunpauline,xda-silva@chevallier.com,_9J7$LDhScfu
76,clambert,tantoine@laposte.net,HNtg9SBa&v_T
77,idubois,rdumas@free.fr,f2COHxMz*B7f
78,dominique95,noelfoucher@hotmail.fr,#PcYv6NwSbd8
79,roger78,frederiquethibault@petitjean.com,7)WsAn2f*P1P
80,michelreynaud,andrebrigitte@royer.net,@$d2QJ+u4_jt
81,alexandria73,berthelotmarianne@bouchet.fr,(gK9AS+yV%Qf
82,vchevalier,xavier88@yahoo.fr,*&zzbZ^y_4gx
83,francoisnguyen,thomasmorel@laposte.net,d+1Pnul9_&7F
84,claude96,leongros@laposte.net,+2c*xOo@fNRE
85,laurenteric,isaacallard@ifrance.com,mX#50D@pLhqa
86,blanchardjacques,xdeschamps@yahoo.fr,jHtw+MqPX*3l
87,alexandriapetit,pruvostolivie@gillet.org,nWH*IuR3@u$5
88,couturierclaire,bernadettesalmon@ramos.fr,xlz+5NSr%+mv
89,danielleclercq,suzanne49@hotmail.fr,FmobKf8K(9mi
90,wagneradrienne,hortense63@free.fr,^2R_9$3gy9Z!
91,nathalie80,emmanuelperrot@voila.fr,1LZ_e_y8v!UV
92,micheltheodore,lopeznathalie@monnier.com,#DW(SF4qy6IR
93,arnaude94,pierre18@noos.fr,)Zz6kJIa+k1E
94,lelievrethierry,veroniquenavarro@delorme.com,Yt2FA+PvlA#4
95,camilleadam,cbreton@leleu.fr,!LVGWRb2zDh4
96,gosselinmarguerite,bdavid@henry.org,1S!4hSiQs^g%
97,bazinvalentine,gilbertbertrand@lacombe.net,P5+%QnXICoOU
98,marechaltristan,vincent36@lefebvre.fr,)9NgSep2wt$2
99,celinadumont,albertjacques@guyon.org,&g!0&HWw&e&K
100,noellaurence,guyferreira@huet.org,%4(QMhDe$Aq3
101,couturierjean,colincaroline@michel.net,wA5O)7+y@dYq
102,rochealexandria,david48@lecoq.fr,#!2MUc3%w2df
103,william84,xlemaire@hotmail.fr,)ty1VGuQw5O&
104,adele63,alvesbertrand@gosselin.fr,HcpXS0Ij#H%n
105,philippe28,cgeorges@parent.fr,QD8*HRe1M)8S
106,louisebesnard,lambertcolette@free.fr,&EPOTm(cn5FS
107,robertchartier,benoit85@vincent.net,15J8%msL$$@l
108,girardtheophile,guichardjules@traore.org,WIQV!%qs+3mX
109,rogervallee,etienne66@gmail.com,c&LaZ+SAGc4s
110,perrotmichelle,beckerclaire@valette.net,zxk)lBo&#1NX
111,matthieu91,gilles64@barbier.fr,@TLlps09+_3N
112,david90,dufourjules@bouygtel.fr,22YAWc!&+F8Q
113,penelope40,henryolivier@rousseau.com,!5&E9LnZ&$j0
114,sylviesimon,btecher@yahoo.fr,dz^3Utz+AmRg
115,colettedavid,rocheadrienne@marchal.com,*9jy5GmfzejH
116,andree28,alexmeunier@live.com,7!+@Im8tCg02
117,leleurenee,maurice72@leduc.com,!x_vbMVx1O&I
118,bouchetvictor,wboucher@orange.fr,%_V8GQyOm02%
119,thomas71,roger28@noos.fr,_Yce69Bc_iU0
120,bigotlorraine,leblancalphonse@garcia.org,M!73rgzgt1pE
121,jeanblanchet,blecomte@tiscali.fr,#8U5kB9G_tT8
122,josephboulay,jeanninejacques@tiscali.fr,m#2t+Dy!Yi#3
123,dupreaurelie,wriou@orange.fr,sFw0A@jr^I2E
124,augustin42,chantalrossi@dbmail.com,1uXt9ElWJ&Q&
125,auguste81,robertedouard@bertin.org,%1!agDx*AXI0
126,thierryauger,renardmichel@lefort.fr,WE@*0BMy6_bN
127,bouvetaurore,ufernandez@schneider.org,Q7)L1SnqHwQ&
128,adele59,hgeorges@wanadoo.fr,299mFJRw%Msy
129,huetjean,wgrenier@dijoux.fr,_k6YXUcI@tFr
130,odette37,aguyot@yahoo.fr,W8NiicWm_NCX
131,ydiallo,fredericroux@club-internet.fr,gA+WaQk)+S*0
132,georgesblanchard,elisabethgarnier@free.fr,SSL2@Vtzp(Q6
133,sarnaud,mlecomte@gmail.com,MHeEqxPa(zh8
134,emmanuelgaillard,hgonzalez@yahoo.fr,3j!dLq!h#no1
135,benoit84,baillysusan@perrin.fr,OFl8@UOax%cp
136,fmoreno,moniquegarcia@club-internet.fr,A%GvgnB#1I3Z
137,denisribeiro,xdubois@leduc.fr,U$v*3cXyM2lW
138,madeleinedeschamps,chevaliercorinne@club-internet.fr,^n52Zn3robp!
139,lucbertin,noelteixeira@tiscali.fr,cpNxMMj5_^H2
140,martheberthelot,jreynaud@dbmail.com,O7xIAQfr)HTY
141,henridumas,celinathomas@laposte.net,1sw3RzqupU)K
142,cecilemenard,franck20@wanadoo.fr,3owhK9bhX##2
143,marc78,mmarie@free.fr,!v3Q!Tb^a2)h
144,barbejoseph,rogerthomas@hotmail.fr,)*ehOa0e_)7S
145,elise25,antoine27@sfr.fr,D^3PZSMaSm^!
146,audreycohen,delahayeeric@etienne.net,+4PA1TwrK9oB
147,emmanuellecousin,marinvictoire@leclercq.fr,Lb3L8Emq#u!X
148,alexandrevallee,julie33@gaillard.fr,b#ZP#LUzUN24
149,danielgautier,lorraine59@live.com,(WCJYZ6v7t1e
150,ljacquot,edithcousin@chauvet.com,uw!6M*hR#v5K
151,tristanvallet,yblanc@arnaud.com,A2vNpr*$^2s0
152,greniergilbert,lambertgabrielle@roux.com,*ZYd5YGBt8!@
153,qpetitjean,edouardcousin@bouygtel.fr,quJI0EPAH*+H
154,martinphilippe,pelletierarnaude@riviere.com,@00rZEnciVGt
155,leondumas,pierrecourtois@boulanger.org,@TG7zT+x)7yb
156,oaubert,laetitiamarion@pages.fr,LHBvmYSl^%7Z
157,remymartel,danielturpin@brunel.fr,&o@FsuQnqv5D
158,mmorvan,ichevallier@rodriguez.com,08P5vSPs*K$O
159,danielmaillard,ines92@verdier.com,G*xFGW(eMhL2
160,valleevictoire,xcordier@hotmail.fr,Tz+6UjbaX^OD
161,anastasie09,capucineperez@gmail.com,v1@Xq5Wg%cl*
162,jeannedelorme,chartiereugene@wanadoo.fr,^1T^sxdiwFx0
163,rcoulon,stephanelefebvre@noos.fr,L!R#vNj%)n88
164,michelvalette,brolland@ifrance.com,qZ1^PcI&aG3C
165,martelodette,legrosluc@millet.com,9KWJl1xp#1P8
166,thierry55,fabreolivie@cordier.com,f6f6RJhT)krH
167,sanchezeugene,pintomaggie@noos.fr,(I8HRYyuF6l*
168,voisinguillaume,bbrunel@techer.com,$nVTdlrc2p3!
169,fontaineyves,isaac23@noos.fr,+x99hCf_brNg
170,victorraymond,barbebrigitte@bigot.com,h&VMWxYG&8l(
171,humbertpierre,prevostbenjamin@tiscali.fr,9j1+ab@YQp3A
172,lgay,genevieve84@bouygtel.fr,(H#WHipSK*O6
173,zmarie,groux@yahoo.fr,4(AYLj&Z@zLv
174,dleclercq,alexmary@tele2.fr,o6zvI1uI+oXi
175,patriciadelmas,elisabethcamus@dupre.net,&m7pekKjYP1V
176,agathe70,grodrigues@dbmail.com,Sf_BBTgcW26s
177,ines95,michele84@sauvage.com,*2u%utRqrsKW
178,yferreira,josette92@martins.net,20TfIqNDb$$)
179,philippe86,joseph87@live.com,)3RtxX&U@o_r
180,matthieuvaillant,marie25@laporte.org,oU2Dzwii^3NT
181,franck15,mclerc@coulon.fr,w^IyjN$5@n9s
182,ferrandmargot,nathalie50@hotmail.fr,7@f7Q9a0WUF9
183,seguinmartine,rene31@vasseur.net,!VBH_aYera3A
184,dianeguillot,francois27@hotmail.fr,QWJ27AWvH6U^
185,reneemorvan,christellelebreton@dumont.fr,+CJ5Q%auH#63
186,emmanuel80,fabremarie@noos.fr,2pKwtU(z$^5A
187,boucherjeanne,cvallet@noos.fr,ZCwl^Q0un%99
188,alice59,mulleranastasie@gmail.com,f*C5W+uVQV#P
189,raymondlefort,adrien60@alves.com,&5G+ez0M@xK7
190,ggilles,pauline98@dbmail.com,kCaH8Xgl^4%E
191,nfleury,madeleinebailly@foucher.org,!WH1THjGOOq6
192,lacroixrenee,pelletieraudrey@hotmail.fr,Yy2QGiiY&*KH
193,roycapucine,maillettheophile@rossi.org,0UJIk1Bv@W2t
194,vjacques,petitjeantheophile@bernard.com,)DbMB%tqA6bI
195,peronandree,bernieralexandria@yahoo.fr,GGrP1BokMm^3
196,humbertmichelle,yves55@orange.fr,Q5UwyuAx(NHt
197,barresophie,prevostlaure@yahoo.fr,&CURjCbe^3yJ
198,tguillon,bertrandlaurent@hardy.com,HI^xvXTk#5_2
199,marinelecomte,hubertfranck@gmail.com,+5y3jMh!n(K#
200,pruvostsylvie,margot11@free.fr,FM2Hrdo9i&cK
201,agathesanchez,oliviermarty@free.fr,cq%WnM#Dm2S!
202,laurenceneveu,aubertmichele@club-internet.fr,7MS)t@z^F#5t
203,michaudlucie,ines88@gmail.com,2T%1aMclV%UF
204,pbarbe,charlessusan@guillot.com,xR$(yymnlw6N
205,alexandrethomas,fgiraud@tele2.fr,@0Bg*LgeIoLT
206,augustinlefebvre,nicolas85@laposte.net,)8VXYEsmyxuN
207,durandceline,margot48@noos.fr,_0Gb7B0rRkMj
208,boyerlaurent,zpascal@ifrance.com,2o0U^zwL#lrQ
209,uparis,garniermonique@paul.fr,3i!61kWnbrH$
210,remy89,odaniel@blot.fr,@6mMn#Hf&7g9
211,marthe40,yweber@tiscali.fr,oU7%f#Iy*@YK
212,aime00,lmarchal@delmas.com,d_&0VofgIA@W
213,xpelletier,carlierconstance@gomez.fr,xb4^jtyyI_KQ
214,lopesmargaret,cecile94@collin.org,bxNOGLvC#3rf
215,coulonelodie,martinmarine@dumont.com,*2prCxhWW)_2
216,bertrandmargaux,adelemichaud@merle.net,MF&Wm6gUN#4h
217,patricia49,techerthibault@sfr.fr,oO4MRnMt@%cx
218,xavier89,micheltimothee@orange.fr,TO9R*r!qC)cH
219,alphonse74,cblanchard@descamps.fr,a0mRlut!@uvo
220,buissonclaude,parisremy@delaunay.fr,Ct7Tz%p@O!wD
221,valeriebreton,margot09@yahoo.fr,#A2KT4zoZ74g
222,jerome80,wcoste@renaud.com,h(gYP4Hk&&U&
223,claurent,sgosselin@lefebvre.net,4y0^Kd#kza!V
224,laurentsimon,ihebert@meyer.fr,2_&MMv^u$moR
225,aimeroy,bertrand14@tele2.fr,U+4e5P0s@iXP
226,hle-gall,renaultceline@maillard.fr,P0RJ4Iv4_syZ
227,pineaulaurent,adelemarchand@herve.fr,$oZ&y7o2aV35
228,fguillot,barbiereric@duval.com,05crA$ts^*Zw
229,emilemartineau,lroger@de.org,d%h3hPk(Pd!+
230,ltraore,christinejacquet@neveu.com,*E5(kHwcvEXK
231,bouviersimone,julieleroux@orange.fr,Qgw9IneEj5$f
232,dorotheepichon,marchandgerard@le.com,9tLE9fAk&oqa
233,marcbruneau,celinagregoire@orange.fr,HP!8(I_evU_q
234,arenaud,alexandriasauvage@yahoo.fr,&yCF2Huj64k2
235,chauveausabine,aime64@voila.fr,h*T$3SxqN%51
236,ileroux,etienne77@dumas.fr,4!47cqkqHBK^
237,delannoyphilippe,mgoncalves@verdier.fr,$3C(Pp4Rvr6B
238,zacharietoussaint,marguerite12@live.com,(GahCPai2yMV
239,oceanegiraud,andreevincent@dbmail.com,%TEbtdcGH7#i
240,henriettehardy,lecoqcorinne@collin.net,#j@uQs^vQy3#
241,alphonse43,clemencevasseur@noos.fr,@5R$4oqq769g
242,colindiane,ohenry@live.com,b%I5uXxP3wC)
243,leclercqcolette,lbenard@laposte.net,F(3XWGb9hu51
244,emileschneider,hbriand@sfr.fr,#9#gvWCdwV50
245,zoe10,reynaudchristiane@levy.com,$*40Y$eUqfhM
246,alexandria67,henri37@tele2.fr,v8uXqczAwxs!
247,dperrot,lvaillant@vallee.fr,r_nxAilUYCz4
248,jeanninereynaud,pevrard@joly.fr,(u2GKETqu101
249,tlacroix,alfred73@regnier.com,rn2(XMVn4FIT
250,agnesbonnin,znormand@yahoo.fr,)8EF(JukEwW^
251,dos-santossusan,manon07@allard.com,t3OcqF$N$3#K
252,thereseledoux,agathelombard@pruvost.com,YS1w!dUc)P!9
253,juliette37,dsauvage@laposte.net,gyV3LImqmb2(
254,xgillet,rogerthibaut@humbert.com,8FEUPLVm+iKT
255,lecontemathilde,payetolivier@fouquet.com,1+PGShoPT%07
256,alexandrie19,jules24@wanadoo.fr,dRZkqpBy^1AX
257,gregoirelebon,agnesdumas@hotmail.fr,e+2AnV$cR_oS
258,stephanieblot,ysalmon@loiseau.com,^x@qCc%s!$5V
259,legendreguy,guycordier@boulanger.org,AI1WI5yl(f%+
260,guy27,claire70@gmail.com,7O78nkq(^AWU
261,zpierre,lucjacob@live.com,u36&_!gh+3xU
262,victor09,eugene89@colas.net,gX6rwbIsBBV)
263,svasseur,christophe52@bouygtel.fr,D4zvrv5h_UBb
264,laetitia35,bchretien@yahoo.fr,E^3FBo7C_8yz
265,fremy,valerie78@reynaud.com,8R8Pa4*1N#&T
266,marthe52,renee37@live.com,6d1!7ADi@0%o
267,veronique55,josephinecolas@hotmail.fr,W@Uj7KFoT*wE
268,hcolin,susanne26@pierre.org,O(6K^za46j7q
269,royerchantal,albertrobert@mallet.com,TvvQ71MQk(7P
270,dominiqueribeiro,laurecollet@joubert.fr,#h9YBq(ByPMH
271,julienboucher,nrenault@club-internet.fr,%QQx3wZzXsf@
272,danielle47,potieraime@ifrance.com,K&U#RP6dp944
273,thomasmartine,mariemichel@club-internet.fr,)fv0Wf)Qj45O
274,gilbert80,wlefort@masse.fr,0G_Rs6XuU*yy
275,dialloleon,vrolland@mary.fr,Vb@#4FvCPQ91
276,leclercjean,suzanneraynaud@laposte.net,)hm6XRzXyEk8
277,adriennealbert,ifernandez@ifrance.com,vM_0Db#v!x)0
278,susan90,mariannejourdan@rousseau.fr,2HdbJ6#uP@n4
279,arthurlegendre,sebastien57@voila.fr,3HguzIeVFTA@
280,yvesperrin,jeanninesimon@live.com,1HC5unhz($6c
281,adele51,martinphilippe@diallo.fr,)2A_!kMnL#2T
282,bernard21,danielle-gall@le.fr,22i@8Z1bm5*B
283,omerle,denisblondel@legrand.fr,e2)*HSwxdYt9
284,jeanalix,maryse30@chevallier.fr,_t3cEWS76vEu
285,carpentiergilbert,victoire53@wanadoo.fr,)HgFY8h%0XPE
286,petitemmanuelle,benjamin07@laposte.net,cBvWYduZ)3x3
287,michellemartins,bouvetlaetitia@live.com,_4^5ZRiJ^#!R
288,vcoste,guillaumelefort@fernandez.com,+(0iaTAkIRO5
289,camillemarin,arnaudmarie@dubois.fr,hl9JXy0#^($T
290,tmartel,georgesgabriel@allard.fr,hZ(gi0Vu$mTS
291,umartin,margotpelletier@orange.fr,^qgGj^I0&9F6
292,louis47,mauryluce@bigot.net,6qXiW9Rv__b@
293,isabelle98,emeyer@dbmail.com,#qT9q3&S92uA
294,michaudeleonore,xavier55@bertin.net,TtM_3WAhz$%8
295,aimee38,zacharieferrand@roux.fr,bIUE4i@e_77N
296,claudinelucas,lebretondenis@muller.fr,4y*R#2zC#Nn)
297,robertcouturier,baronmarie@dbmail.com,v8$SP#t0+81m
298,aimejacquet,benoitbigot@tele2.fr,z8+MU&3qP7#8
299,aurelie17,luc53@da.fr,Mf3)KDd#@VR&
300,theophile40,margueritegarnier@foucher.fr,ePTryjEsk(7l
301,astrid04,vberger@wanadoo.fr,S0D5def@_2cM
302,virginie96,jeromehoarau@gregoire.org,+t9TNS3f_1+8
303,karnaud,inesmartin@free.fr,gFYMYK8hY*1b
304,rguyon,qde-oliveira@wanadoo.fr,3M7UKgLm*TE2
305,xpereira,renehumbert@duval.com,)dS9UiV_8lLL
306,diasmarie,aurelie08@hotmail.fr,K@hlCkAcTp_8
307,andreenormand,robertvirginie@schneider.com,H&1KFqiVzl_2
308,antoinettele-roux,beguealice@bernier.fr,(g6GBSfj$K(u
309,renardmargot,noeljoubert@tiscali.fr,uW6*%pqzr_OM
310,hortense47,cjourdan@lefevre.com,0K3%JuP_^I99
311,martineaumargaud,christiane36@voila.fr,S3&PZrsa)Aut
312,zledoux,michelleetienne@free.fr,(4HOzlQTD!tX
313,victoire53,alainjean@hotmail.fr,V_cT3Ek&a45V
314,gerard64,renebouchet@tiscali.fr,397ZwdmT!ZeP
315,bernadetteleger,benoitduhamel@leger.com,0)Ltbrhy#jTW
316,qallard,catherine84@coulon.fr,+hOJcQ0(8@UR
317,michaudanouk,boulayhenriette@ifrance.com,T#)0S$a4Z)06
318,dupreemilie,ggros@pinto.fr,Z_H05AsqqtPt
319,nathalie49,xpasquier@noos.fr,5GdLJ!cf#12Q
320,gguerin,martherenault@renard.fr,#eF^s9QvUE9Q
321,jdelahaye,poiriermargaret@delahaye.net,$sVJDEagp3Ha
322,adupont,manonmerle@pierre.fr,L_5+4UbFv&tG
323,ulebreton,luciebertrand@bouygtel.fr,io&K0Ul0b3Ve
324,lalbert,gonzalezemile@tele2.fr,(l7VBWJs#3dP
325,bonnincatherine,michellele-roux@potier.com,9)i+Z7QlYL0l
326,wagnerjulie,juliendelaunay@voila.fr,*8S2xNZdnRdu
327,william39,jtexier@georges.com,#&hO1K(hozjf
328,ebenoit,laurence30@perrot.com,_Te+SPx!02LQ
329,xgiraud,vmartin@hernandez.fr,2Kb*vmc3!u*M
330,madeleineraynaud,adelegeorges@monnier.com,36#MGCgs@rdz
331,dcarre,pottierastrid@vaillant.org,+J^ew1Vya8QW
332,teixeiracecile,tmace@leroux.fr,k1F8@OxY(PZ8
333,blindavid,wchauvet@club-internet.fr,6R4NjJUt%%PB
334,guerinmargaud,david97@tele2.fr,00r5UyH2!yKI
335,ngirard,denis30@yahoo.fr,%gp9O(eFI&P4
336,virginielombard,caroline80@seguin.fr,P&TmrZj0*i*9
337,renaudpierre,picardalphonse@orange.fr,(2R6WZsy7gaZ
338,valletalain,yalbert@durand.fr,66fHO*Yb(iF6
339,anouk18,jacqueline28@voila.fr,h22ev5MH+gKb
340,ngoncalves,labbeandre@orange.fr,$T38rSdFd51D
341,suzanne76,charles06@bonneau.net,f56LRUZp+!7v
342,jeanmendes,daniel97@moulin.com,0oXNxjZv)WsB
343,aubertpatrick,dominiqueblot@devaux.com,)2DOXpj8i2FQ
344,margottecher,josephineweber@orange.fr,#+9Mb)eH7o1T
345,duponttimothee,theresegautier@free.fr,#3zi!MB1oKXa
346,jhoarau,bergerlouise@voisin.com,JE8Z6KzmNBb^
347,wvasseur,cmoreau@live.com,k!yl5mRUd!2C
348,xjoubert,elucas@lefevre.net,5!8NF5ye7^dX
349,hamelgilbert,gregoire34@legrand.fr,^3YAAc(colw9
350,celinacohen,claudebonneau@hotmail.fr,R%2)!M4#^ttC
351,jbonnin,gsanchez@live.com,W_1Is#xlDh(o
352,mathieuamelie,sfabre@orange.fr,k#9GA3nxhy3C
353,emmanuelle14,martyantoine@ifrance.com,4r*s#DaSkmu0
354,patricia93,emartel@pires.com,@U7EdhaKK^uN
355,timotheebesson,ccaron@ferreira.net,HJF$7IqR)Jx0
356,boulangergabriel,guiberteric@live.com,^_65Ythm(527
357,marthe78,guydiaz@laposte.net,FO*fIA^eP3A@
358,ferreiramichel,remy24@chauvet.com,6_*7FlKo39EV
359,sriviere,clairemaillet@tiscali.fr,!%FPIfpM5nbr
360,tjoseph,constancedos-santos@leveque.fr,Q4Ot+YmX&*gT
361,samsoncecile,rochereric@noos.fr,0r^nVSgG#7Me
362,madeleinecharrier,stephaneparent@free.fr,8*#*HiyS)m(e
363,lambertroland,lorraine55@free.fr,f+W8H(BswRfV
364,malletpaulette,maillardyves@tiscali.fr,w&1GOFcz_185
365,manon83,seguinlaurent@langlois.org,^&5YlXtt1UMP
366,valletlaetitia,louisepons@poulain.com,515hFlO4p)2d
367,michelle45,pauline96@dumont.com,h2vVy0lb)R+*
368,roussetlaure,charlottefouquet@lucas.fr,Rw3SDVHj!AK4
369,marine50,delaunaylorraine@mahe.fr,wN@JlbBc8l6g
370,marcel17,bouchermonique@albert.fr,Nm^UOPs^k_k8
371,chantalparis,suzannebouvier@hotmail.fr,%u1cE#Qbtb(5
372,gonzalezconstance,carolinemartin@bertin.fr,#3Up3BDBtJBF
373,michelle03,guychevalier@laposte.net,#KGnXQ7s+5Pt
374,merlegenevieve,fredericdelorme@dbmail.com,RN3S9vSn+OXV
375,boulayines,fontainemartine@club-internet.fr,k95P1&zp+2b6
376,olivie73,rbarthelemy@bonnet.net,!0bYtSiF_ac7
377,bertinamelie,anouk01@maurice.net,_vNTPg)80FFw
378,launaymarguerite,odette71@orange.fr,#jf!VQ!i@0)d
379,marguerite21,bernadetteweber@dbmail.com,w0^Be0LnzQF7
380,duponteugene,ddurand@tiscali.fr,g5UQjkmN*5J+
381,philippe76,maillardedith@laposte.net,AqwSZ@52@6nb
382,sylviepoulain,tbourgeois@club-internet.fr,+#50!W2ym7hN
383,veroniquevincent,corinnebousquet@live.com,$1IrLz*pfa1X
384,theodore54,martineaupierre@blanchet.fr,sByDXN(o#92%
385,rda-costa,timotheearnaud@voila.fr,$FEOK$d%Tz2V
386,astrid64,paullaure@lecomte.fr,AU#6IgyRv$lj
387,michelerenard,camillepaul@ifrance.com,Yo9NoPEvzT*i
388,allainstephane,tgay@perrot.com,dZD(L6TqQ0V%
389,renaudmichelle,pintochristiane@descamps.fr,^g@SyZwR35ih
390,benoit26,tmarechal@sfr.fr,U$2BwDpd)RM)
391,carliermichel,caroline63@noos.fr,6BevWlle)dVi
392,gautiervictor,georgesgomes@tiscali.fr,z(waGvY#bdP7
393,margueriteverdier,jeandiallo@pons.com,9cQQfm&f^25M
394,alice86,michel84@laposte.net,*3@oU#(f38My
395,celinemeunier,gillesmarty@boulanger.fr,RzHQ+son#1Xe
396,egallet,zlebreton@leclerc.com,C*L&2vOuj@2R
397,jean24,ponschristiane@bouygtel.fr,u%^G7Nh2iK&0
398,legrandmargaret,nbigot@bigot.fr,gitVw)II_3*C
399,nathalie68,thomas97@tiscali.fr,S&R_y4fMh%0P
400,pferreira,clairedumas@noos.fr,E%v^3Hw41nx(
401,margaretdubois,zrocher@mercier.com,S48_m^hsi82U
402,dchevalier,lecoqdominique@dbmail.com,ahi3ZZtdG&B#
403,clemence10,reneeparent@auger.org,*rFkYAo!M3cG
404,rivieregilles,da-silvathibault@wanadoo.fr,*K2^yTv+726W
405,brunelanastasie,frederiquegilbert@peltier.fr,)RtTa##40x0D
406,nperrier,annejourdan@voila.fr,&9PYoc9QahGW
407,gleblanc,anais90@peltier.com,RWOdr^B$*E%8
408,mathieumartine,epetitjean@club-internet.fr,IJ$ozg8f7j6P
409,guillaumeroux,martin24@ifrance.com,X&j4OMbl(Ubt
410,huguesriviere,fdiallo@cohen.fr,&^H4SrJsuWz7
411,capucinerey,emmanuellele-roux@duhamel.net,rYpv6#fT&1So
412,mbonnet,diane06@le.fr,)5FjEKUjDi#d
413,francoismace,aimelacombe@bouygtel.fr,38wTkQ(d*+hX
414,amelie37,hfernandez@gmail.com,vl6Ai0UPV#Qg
415,philippecollet,suzannehubert@boucher.fr,_SFVd*qhWQ1&
416,luc06,fsauvage@leroy.org,M)6Htoo5_9W$
417,tlegendre,antoineloiseau@bonnin.com,3WDdRikHu!2b
418,williamlejeune,maryse47@noos.fr,(j&bYoa_!2JM
419,guilletemmanuelle,alain15@rey.com,T7Olr2Py&#FM
420,alfred47,simoneneveu@laroche.org,ik1HNb1a9#3a
421,nblanc,le-gallpenelope@tiscali.fr,%hWZ5HdlHHFO
422,rolandcollet,ygillet@laposte.net,%H8WKo&djAIu
423,elodiebrunet,ferreirabernard@rocher.com,8&EqE1w)!rnQ
424,allainstephanie,josephine11@hotmail.fr,L27IVVj705%J
425,lucascharpentier,plenoir@yahoo.fr,#DcV@F_m5LlM
426,davidnathalie,amoreau@live.com,QHMVd)lz!2NE
427,ccouturier,dmartins@morin.com,B_64!HnX@kJ@
428,chartiermarthe,renaultgregoire@hotmail.fr,b&HVonKrU4w9
429,lebretonjules,antoinettebrun@club-internet.fr,Q1k$khjV_k8J
430,roland29,arnaudelebrun@besnard.net,17LapqgM_N7v
431,alix03,remy43@hotmail.fr,!6TKrGDy)Cr1
432,weissclaire,michellelamy@alves.fr,@7R3nX92(%G@
433,honore97,morvanclemence@live.com,xm*UZ1!s#Cg7
434,adrien57,josephmaury@orange.fr,q+&u)9SfQvFK
435,leclercalice,christine25@voila.fr,_X9F^$&hWkWM
436,edith64,theophile73@noos.fr,Fw8ZRK_c#21K
437,emmanuellefernandes,barthelemyalexandrie@gregoire.fr,&Fbm#dY7MKT4
438,wbruneau,thierry98@hotmail.fr,#U$7vRtkL2dS
439,rolandgeorges,alixriviere@gilbert.fr,O)I^PfM5Ch0P
440,ilombard,rochergabrielle@bouygtel.fr,)8Pes52tg&mZ
441,rogeraimee,wremy@club-internet.fr,^tcz%VOmi4KJ
442,descampstristan,ucharles@bruneau.fr,+FpvTBdCx113
443,bouvetdavid,benjaminmaury@mallet.com,!(AAQx&o6+72
444,peltieredith,cecilevasseur@voila.fr,)7UJ$Y*cUiMk
445,tlefevre,gilbertbazin@club-internet.fr,To8d+7Ok(FT!
446,jerome61,parentgabriel@costa.net,s9jGej80!f!s
447,michelhamon,emmanuellabbe@sfr.fr,lxtv1Dz_E5r!
448,tanguyastrid,eclement@yahoo.fr,4%DF1Ggv(L3!
449,veroniquedelannoy,eleonoredescamps@schneider.com,v^U(93csSNM5
450,eleonore26,helene19@sfr.fr,r)wiIuffLH4D
451,martineaufrancois,samsonalexandre@dbmail.com,C3W_VofJ86!6
452,ameliesalmon,grondinchristophe@daniel.com,&ZrVSPnj8uo$
453,gsalmon,francoisebenoit@wanadoo.fr,)4@2OdO%oWC2
454,bourdonthierry,boulangercorinne@simon.com,9C^(+Vav&BA2
455,dorotheebouvet,huguesadam@renault.com,i!gvZw&VtE1x
456,victor67,margotaubert@hoarau.org,k^eIxA8j(QY)
457,gilberthernandez,dufourmargot@orange.fr,am6Tnh@T!vyJ
458,rogerveronique,danielemmanuel@noos.fr,MSQJ7lre^%1Q
459,claudine45,weberpaul@club-internet.fr,S17Qd*ye_SvK
460,laurebigot,epons@tele2.fr,9c%t2(RT(J^R
461,margaretcarlier,martelhortense@bouygtel.fr,iFJ9L7lxf(G!
462,lleroy,cecileclerc@tele2.fr,#zbaZO$q3YtL
463,paulmichele,texieralphonse@noos.fr,U%6zkhn78O8L
464,lecoqjulien,christiane33@chauvin.org,(Hqv9T9t$%%g
465,pauline45,audreysauvage@herve.com,)x8vJxRE6HYv
466,mathildehamel,criviere@cohen.fr,^2eZjIAsKAMc
467,rtorres,laetitia45@guillet.org,Yv2SJaGTQ_uq
468,margaretferreira,veronique73@germain.com,&3Cj_WUhIFU$
469,qmerle,joseph89@wanadoo.fr,kpe_AXl)+5hb
470,carrepatricia,aimefernandez@free.fr,!mUCmNL0zt8w
471,berniersusanne,blanchardbenjamin@dbmail.com,MeS8PVoIF_sq
472,timothee62,capucinefischer@bonneau.fr,qs!Gf6Tkl+&!
473,ollivierceline,nathalie06@live.com,$z5bqq2VB41U
474,gonzalezaudrey,alain13@tiscali.fr,yd$&dphv(C6L
475,henrithierry,danielle80@dbmail.com,Wd6RBU4r#+b&
476,jeanninepayet,yevrard@free.fr,&g09#6X2Q_GO
477,fmichel,didiersusanne@orange.fr,W7Bf_!CU^dYY
478,remyperrot,uguichard@gillet.com,(PhMx!6l6oTo
479,martineauemmanuelle,vincent13@tiscali.fr,!1K07TKfBb8o
480,alphonse68,eguibert@wanadoo.fr,+91bXkraAAYZ
481,legernicolas,germainvalerie@wanadoo.fr,RtfNUiab+h7Z
482,diazalfred,zmarchand@wanadoo.fr,g*1MnusL^T1Y
483,bouvierchantal,da-costanath@tiscali.fr,L&NrY5(opN5&
484,sophiegaillard,anoukruiz@leconte.org,%eP5ZLkJ93a@
485,meunierhugues,penelopegros@hotmail.fr,KgV@m&&M^c5P
486,ztanguy,sebastien68@sfr.fr,y0fnSHqj^9&T
487,richard71,christiane59@voila.fr,#FdpxMuY#8Up
488,paulbouvet,bmenard@sfr.fr,1b@+DQlj+@LY
489,vramos,rochermartine@dupuis.fr,2+WaIaBiT*6V
490,wlanglois,jean29@hotmail.fr,E4xtSqnsB@!4
491,lucas85,julie75@legendre.fr,eo&%iyzSSZ1Z
492,plaporte,alexandriadijoux@ribeiro.org,fdSV!xuq(D4O
493,grosdorothee,pmallet@maillet.com,i9Z#JOVTE_Sv
494,adelemarty,hdescamps@carlier.fr,_5vG3@Sptd4G
495,pauletteparent,adelaidepetitjean@richard.fr,1ZKekkCE_82P
496,qmillet,hlejeune@maurice.com,rlkOwC_g7)W!
497,tchartier,lamyrene@voila.fr,ppjJB3LW%8J_
498,bcharpentier,alphonsethomas@voila.fr,oa1OGpEG!NSt
499,alfredlemaire,simonecouturier@bouygtel.fr,$zyl%0JpU8H^
500,marguerite16,aimee38@baudry.fr,e7Nxm9KIJOh^
